<?xml version="1.0" encoding="UTF-8"?>
<metadata xml:lang="en"><Esri><CreaDate>20190611</CreaDate><CreaTime>09572500</CreaTime><ArcGISFormat>1.0</ArcGISFormat><SyncOnce>TRUE</SyncOnce><DataProperties><lineage><Process Name="Near" ToolSource="c:\program files (x86)\arcgis\desktop10.4\ArcToolbox\Toolboxes\Analysis Tools.tbx\Near" Date="20190611" Time="095725">Near "C:\Users\jc442626\OneDrive - James Cook University\Documents\PhD\PhD_Tasks_imp\RQ1\Paper1_code\InputFiles\Case1\shpfile_7.shp" 'C:\Users\jc442626\OneDrive - James Cook University\Documents\PhD\PhD_Tasks_imp\RQ1\Paper1_code\InputFiles\Testfiles\New folder\Diss_wa.shp' # NO_LOCATION NO_ANGLE PLANAR</Process><Process Name="Add Field" ToolSource="c:\program files (x86)\arcgis\desktop10.4\ArcToolbox\Toolboxes\Data Management Tools.tbx\AddField" Date="20190611" Time="095725">AddField "C:\Users\jc442626\OneDrive - James Cook University\Documents\PhD\PhD_Tasks_imp\RQ1\Paper1_code\InputFiles\Case1\shpfile_7.shp" WD FLOAT # # # # NULLABLE NON_REQUIRED #</Process><Process Name="Calculate Field" ToolSource="c:\program files (x86)\arcgis\desktop10.4\ArcToolbox\Toolboxes\Data Management Tools.tbx\CalculateField" Date="20190611" Time="095726">CalculateField "C:\Users\jc442626\OneDrive - James Cook University\Documents\PhD\PhD_Tasks_imp\RQ1\Paper1_code\InputFiles\Case1\shpfile_7.shp" WD [NEAR_DIST] VB #</Process><Process Name="Add Field (2)" ToolSource="c:\program files (x86)\arcgis\desktop10.4\ArcToolbox\Toolboxes\Data Management Tools.tbx\AddField" Date="20190611" Time="095726">AddField "C:\Users\jc442626\OneDrive - James Cook University\Documents\PhD\PhD_Tasks_imp\RQ1\Paper1_code\InputFiles\Case1\shpfile_7.shp" Norm_WD FLOAT # # # # NULLABLE NON_REQUIRED #</Process><Process Name="Calculate Field (2)" ToolSource="c:\program files (x86)\arcgis\desktop10.4\ArcToolbox\Toolboxes\Data Management Tools.tbx\CalculateField" Date="20190611" Time="095726">CalculateField "C:\Users\jc442626\OneDrive - James Cook University\Documents\PhD\PhD_Tasks_imp\RQ1\Paper1_code\InputFiles\Case1\shpfile_7.shp" Norm_WD "[WD]/ 1" VB #</Process><Process Name="Near" ToolSource="c:\program files (x86)\arcgis\desktop10.4\ArcToolbox\Toolboxes\Analysis Tools.tbx\Near" Date="20190611" Time="095728">Near "C:\Users\jc442626\OneDrive - James Cook University\Documents\PhD\PhD_Tasks_imp\RQ1\Paper1_code\InputFiles\Case1\shpfile_7.shp" 'C:\Users\jc442626\OneDrive - James Cook University\Documents\PhD\PhD_Tasks_imp\RQ1\Paper1_code\InputFiles\Testfiles\New folder\Diss_wa.shp' # NO_LOCATION NO_ANGLE PLANAR</Process><Process Name="Add Field" ToolSource="c:\program files (x86)\arcgis\desktop10.4\ArcToolbox\Toolboxes\Data Management Tools.tbx\AddField" Date="20190611" Time="095728">AddField "C:\Users\jc442626\OneDrive - James Cook University\Documents\PhD\PhD_Tasks_imp\RQ1\Paper1_code\InputFiles\Case1\shpfile_7.shp" WD FLOAT # # # # NULLABLE NON_REQUIRED #</Process><Process Name="Calculate Field" ToolSource="c:\program files (x86)\arcgis\desktop10.4\ArcToolbox\Toolboxes\Data Management Tools.tbx\CalculateField" Date="20190611" Time="095728">CalculateField "C:\Users\jc442626\OneDrive - James Cook University\Documents\PhD\PhD_Tasks_imp\RQ1\Paper1_code\InputFiles\Case1\shpfile_7.shp" WD [NEAR_DIST] VB #</Process><Process Name="Add Field (2)" ToolSource="c:\program files (x86)\arcgis\desktop10.4\ArcToolbox\Toolboxes\Data Management Tools.tbx\AddField" Date="20190611" Time="095728">AddField "C:\Users\jc442626\OneDrive - James Cook University\Documents\PhD\PhD_Tasks_imp\RQ1\Paper1_code\InputFiles\Case1\shpfile_7.shp" Norm_WD FLOAT # # # # NULLABLE NON_REQUIRED #</Process><Process Name="Calculate Field (2)" ToolSource="c:\program files (x86)\arcgis\desktop10.4\ArcToolbox\Toolboxes\Data Management Tools.tbx\CalculateField" Date="20190611" Time="095729">CalculateField "C:\Users\jc442626\OneDrive - James Cook University\Documents\PhD\PhD_Tasks_imp\RQ1\Paper1_code\InputFiles\Case1\shpfile_7.shp" Norm_WD "[WD]/ 0.564418017864227" VB #</Process><Process Name="Add Field" ToolSource="c:\program files (x86)\arcgis\desktop10.4\ArcToolbox\Toolboxes\Data Management Tools.tbx\AddField" Date="20190611" Time="120410">AddField "C:\Users\jc442626\OneDrive - James Cook University\Documents\PhD\PhD_Tasks_imp\RQ1\Paper1_code\InputFiles\Case1\shpfile_7.shp" SS_rantemp FLOAT # # # # NULLABLE NON_REQUIRED #</Process><Process Name="Calculate Field" ToolSource="c:\program files (x86)\arcgis\desktop10.4\ArcToolbox\Toolboxes\Data Management Tools.tbx\CalculateField" Date="20190611" Time="120410">CalculateField "C:\Users\jc442626\OneDrive - James Cook University\Documents\PhD\PhD_Tasks_imp\RQ1\Paper1_code\InputFiles\Case1\shpfile_7.shp" SS_rantemp rand() PYTHON "import random\ndef rand():\n  return random.random()"</Process><Process Name="Join Field" ToolSource="c:\program files (x86)\arcgis\desktop10.4\ArcToolbox\Toolboxes\Data Management Tools.tbx\JoinField" Date="20190611" Time="120508">JoinField "C:\Users\jc442626\OneDrive - James Cook University\Documents\PhD\PhD_Tasks_imp\RQ1\Paper1_code\InputFiles\Case1\shpfile_7.shp" FID "C:\Users\jc442626\OneDrive - James Cook University\Documents\PhD\PhD_Tasks_imp\RQ1\Paper1_code\InputFiles\Testfiles\New folder\SS_spjoin.shp" FID POINTID;GRID_CODE</Process><Process Name="Add Field (3)" ToolSource="c:\program files (x86)\arcgis\desktop10.4\ArcToolbox\Toolboxes\Data Management Tools.tbx\AddField" Date="20190611" Time="120509">AddField "C:\Users\jc442626\OneDrive - James Cook University\Documents\PhD\PhD_Tasks_imp\RQ1\Paper1_code\InputFiles\Case1\shpfile_7.shp" SS FLOAT # # # # NULLABLE NON_REQUIRED #</Process><Process Name="Calculate Field (3)" ToolSource="c:\program files (x86)\arcgis\desktop10.4\ArcToolbox\Toolboxes\Data Management Tools.tbx\CalculateField" Date="20190611" Time="120509">CalculateField "C:\Users\jc442626\OneDrive - James Cook University\Documents\PhD\PhD_Tasks_imp\RQ1\Paper1_code\InputFiles\Case1\shpfile_7.shp" SS [GRID_CODE] VB #</Process><Process Name="Add Field (4)" ToolSource="c:\program files (x86)\arcgis\desktop10.4\ArcToolbox\Toolboxes\Data Management Tools.tbx\AddField" Date="20190611" Time="120509">AddField "C:\Users\jc442626\OneDrive - James Cook University\Documents\PhD\PhD_Tasks_imp\RQ1\Paper1_code\InputFiles\Case1\shpfile_7.shp" Norm_SS FLOAT # # # # NULLABLE NON_REQUIRED #</Process><Process Name="Calculate Field (4)" ToolSource="c:\program files (x86)\arcgis\desktop10.4\ArcToolbox\Toolboxes\Data Management Tools.tbx\CalculateField" Date="20190611" Time="120513">CalculateField "C:\Users\jc442626\OneDrive - James Cook University\Documents\PhD\PhD_Tasks_imp\RQ1\Paper1_code\InputFiles\Case1\shpfile_7.shp" Norm_SS ([SS]- 0)/(0.871258-0) VB #</Process><Process Name="Add Field" ToolSource="c:\program files (x86)\arcgis\desktop10.4\ArcToolbox\Toolboxes\Data Management Tools.tbx\AddField" Date="20190611" Time="162326">AddField "C:\Users\jc442626\OneDrive - James Cook University\Documents\PhD\PhD_Tasks_imp\RQ1\Paper1_code\InputFiles\Case1\shpfile_7.shp" LUZ_temp TEXT # # # # NULLABLE NON_REQUIRED #</Process></lineage></DataProperties></Esri></metadata>
