<?xml version="1.0" encoding="UTF-8"?>
<metadata xml:lang="en"><Esri><CreaDate>20190711</CreaDate><CreaTime>15171200</CreaTime><ArcGISFormat>1.0</ArcGISFormat><SyncOnce>TRUE</SyncOnce><DataProperties><lineage><Process Name="Near" ToolSource="c:\program files (x86)\arcgis\desktop10.4\ArcToolbox\Toolboxes\Analysis Tools.tbx\Near" Date="20190711" Time="151712">Near "C:\Users\jc442626\OneDrive - James Cook University\Documents\PhD\PhD_Tasks_imp\RQ1\Paper1_code\InputFiles\Case3\shpfile_10.shp" 'C:\Users\jc442626\OneDrive - James Cook University\Documents\PhD\PhD_Tasks_imp\RQ1\Paper1_code\InputFiles\Testfiles\New folder\Diss_wa.shp' # NO_LOCATION NO_ANGLE PLANAR</Process><Process Name="Add Field" ToolSource="c:\program files (x86)\arcgis\desktop10.4\ArcToolbox\Toolboxes\Data Management Tools.tbx\AddField" Date="20190711" Time="151712">AddField "C:\Users\jc442626\OneDrive - James Cook University\Documents\PhD\PhD_Tasks_imp\RQ1\Paper1_code\InputFiles\Case3\shpfile_10.shp" WD FLOAT # # # # NULLABLE NON_REQUIRED #</Process><Process Name="Calculate Field" ToolSource="c:\program files (x86)\arcgis\desktop10.4\ArcToolbox\Toolboxes\Data Management Tools.tbx\CalculateField" Date="20190711" Time="151712">CalculateField "C:\Users\jc442626\OneDrive - James Cook University\Documents\PhD\PhD_Tasks_imp\RQ1\Paper1_code\InputFiles\Case3\shpfile_10.shp" WD [NEAR_DIST] VB #</Process><Process Name="Add Field (2)" ToolSource="c:\program files (x86)\arcgis\desktop10.4\ArcToolbox\Toolboxes\Data Management Tools.tbx\AddField" Date="20190711" Time="151712">AddField "C:\Users\jc442626\OneDrive - James Cook University\Documents\PhD\PhD_Tasks_imp\RQ1\Paper1_code\InputFiles\Case3\shpfile_10.shp" Norm_WD FLOAT # # # # NULLABLE NON_REQUIRED #</Process><Process Name="Calculate Field (2)" ToolSource="c:\program files (x86)\arcgis\desktop10.4\ArcToolbox\Toolboxes\Data Management Tools.tbx\CalculateField" Date="20190711" Time="151713">CalculateField "C:\Users\jc442626\OneDrive - James Cook University\Documents\PhD\PhD_Tasks_imp\RQ1\Paper1_code\InputFiles\Case3\shpfile_10.shp" Norm_WD "[WD]/ 1" VB #</Process><Process Name="Near" ToolSource="c:\program files (x86)\arcgis\desktop10.4\ArcToolbox\Toolboxes\Analysis Tools.tbx\Near" Date="20190711" Time="151715">Near "C:\Users\jc442626\OneDrive - James Cook University\Documents\PhD\PhD_Tasks_imp\RQ1\Paper1_code\InputFiles\Case3\shpfile_10.shp" 'C:\Users\jc442626\OneDrive - James Cook University\Documents\PhD\PhD_Tasks_imp\RQ1\Paper1_code\InputFiles\Testfiles\New folder\Diss_wa.shp' # NO_LOCATION NO_ANGLE PLANAR</Process><Process Name="Add Field" ToolSource="c:\program files (x86)\arcgis\desktop10.4\ArcToolbox\Toolboxes\Data Management Tools.tbx\AddField" Date="20190711" Time="151715">AddField "C:\Users\jc442626\OneDrive - James Cook University\Documents\PhD\PhD_Tasks_imp\RQ1\Paper1_code\InputFiles\Case3\shpfile_10.shp" WD FLOAT # # # # NULLABLE NON_REQUIRED #</Process><Process Name="Calculate Field" ToolSource="c:\program files (x86)\arcgis\desktop10.4\ArcToolbox\Toolboxes\Data Management Tools.tbx\CalculateField" Date="20190711" Time="151715">CalculateField "C:\Users\jc442626\OneDrive - James Cook University\Documents\PhD\PhD_Tasks_imp\RQ1\Paper1_code\InputFiles\Case3\shpfile_10.shp" WD [NEAR_DIST] VB #</Process><Process Name="Add Field (2)" ToolSource="c:\program files (x86)\arcgis\desktop10.4\ArcToolbox\Toolboxes\Data Management Tools.tbx\AddField" Date="20190711" Time="151715">AddField "C:\Users\jc442626\OneDrive - James Cook University\Documents\PhD\PhD_Tasks_imp\RQ1\Paper1_code\InputFiles\Case3\shpfile_10.shp" Norm_WD FLOAT # # # # NULLABLE NON_REQUIRED #</Process><Process Name="Calculate Field (2)" ToolSource="c:\program files (x86)\arcgis\desktop10.4\ArcToolbox\Toolboxes\Data Management Tools.tbx\CalculateField" Date="20190711" Time="151716">CalculateField "C:\Users\jc442626\OneDrive - James Cook University\Documents\PhD\PhD_Tasks_imp\RQ1\Paper1_code\InputFiles\Case3\shpfile_10.shp" Norm_WD "[WD]/ 0.380138009786606" VB #</Process><Process Name="Add Field" ToolSource="c:\program files (x86)\arcgis\desktop10.4\ArcToolbox\Toolboxes\Data Management Tools.tbx\AddField" Date="20190711" Time="154929">AddField "C:\Users\jc442626\OneDrive - James Cook University\Documents\PhD\PhD_Tasks_imp\RQ1\Paper1_code\InputFiles\Case3\shpfile_10.shp" SS_rantemp FLOAT # # # # NULLABLE NON_REQUIRED #</Process><Process Name="Calculate Field" ToolSource="c:\program files (x86)\arcgis\desktop10.4\ArcToolbox\Toolboxes\Data Management Tools.tbx\CalculateField" Date="20190711" Time="154929">CalculateField "C:\Users\jc442626\OneDrive - James Cook University\Documents\PhD\PhD_Tasks_imp\RQ1\Paper1_code\InputFiles\Case3\shpfile_10.shp" SS_rantemp rand() PYTHON "import random\ndef rand():\n  return random.random()"</Process><Process Name="Join Field" ToolSource="c:\program files (x86)\arcgis\desktop10.4\ArcToolbox\Toolboxes\Data Management Tools.tbx\JoinField" Date="20190711" Time="155028">JoinField "C:\Users\jc442626\OneDrive - James Cook University\Documents\PhD\PhD_Tasks_imp\RQ1\Paper1_code\InputFiles\Case3\shpfile_10.shp" FID "C:\Users\jc442626\OneDrive - James Cook University\Documents\PhD\PhD_Tasks_imp\RQ1\Paper1_code\InputFiles\Testfiles\New folder\SS_spjoin.shp" FID POINTID;GRID_CODE</Process><Process Name="Add Field (3)" ToolSource="c:\program files (x86)\arcgis\desktop10.4\ArcToolbox\Toolboxes\Data Management Tools.tbx\AddField" Date="20190711" Time="155028">AddField "C:\Users\jc442626\OneDrive - James Cook University\Documents\PhD\PhD_Tasks_imp\RQ1\Paper1_code\InputFiles\Case3\shpfile_10.shp" SS FLOAT # # # # NULLABLE NON_REQUIRED #</Process><Process Name="Calculate Field (3)" ToolSource="c:\program files (x86)\arcgis\desktop10.4\ArcToolbox\Toolboxes\Data Management Tools.tbx\CalculateField" Date="20190711" Time="155028">CalculateField "C:\Users\jc442626\OneDrive - James Cook University\Documents\PhD\PhD_Tasks_imp\RQ1\Paper1_code\InputFiles\Case3\shpfile_10.shp" SS [GRID_CODE] VB #</Process><Process Name="Add Field (4)" ToolSource="c:\program files (x86)\arcgis\desktop10.4\ArcToolbox\Toolboxes\Data Management Tools.tbx\AddField" Date="20190711" Time="155028">AddField "C:\Users\jc442626\OneDrive - James Cook University\Documents\PhD\PhD_Tasks_imp\RQ1\Paper1_code\InputFiles\Case3\shpfile_10.shp" Norm_SS FLOAT # # # # NULLABLE NON_REQUIRED #</Process><Process Name="Calculate Field (4)" ToolSource="c:\program files (x86)\arcgis\desktop10.4\ArcToolbox\Toolboxes\Data Management Tools.tbx\CalculateField" Date="20190711" Time="155034">CalculateField "C:\Users\jc442626\OneDrive - James Cook University\Documents\PhD\PhD_Tasks_imp\RQ1\Paper1_code\InputFiles\Case3\shpfile_10.shp" Norm_SS ([SS]- 0.128771)/(0.87922-0.128771) VB #</Process></lineage></DataProperties></Esri></metadata>
