<?xml version="1.0" encoding="UTF-8"?>
<metadata xml:lang="en"><Esri><CreaDate>20190711</CreaDate><CreaTime>15270600</CreaTime><ArcGISFormat>1.0</ArcGISFormat><SyncOnce>TRUE</SyncOnce><DataProperties><lineage><Process Name="Near" ToolSource="c:\program files (x86)\arcgis\desktop10.4\ArcToolbox\Toolboxes\Analysis Tools.tbx\Near" Date="20190711" Time="152706">Near "C:\Users\jc442626\OneDrive - James Cook University\Documents\PhD\PhD_Tasks_imp\RQ1\Paper1_code\InputFiles\Case3\shpfile_9.shp" 'C:\Users\jc442626\OneDrive - James Cook University\Documents\PhD\PhD_Tasks_imp\RQ1\Paper1_code\InputFiles\Testfiles\New folder\Diss_wa.shp' # NO_LOCATION NO_ANGLE PLANAR</Process><Process Name="Add Field" ToolSource="c:\program files (x86)\arcgis\desktop10.4\ArcToolbox\Toolboxes\Data Management Tools.tbx\AddField" Date="20190711" Time="152706">AddField "C:\Users\jc442626\OneDrive - James Cook University\Documents\PhD\PhD_Tasks_imp\RQ1\Paper1_code\InputFiles\Case3\shpfile_9.shp" WD FLOAT # # # # NULLABLE NON_REQUIRED #</Process><Process Name="Calculate Field" ToolSource="c:\program files (x86)\arcgis\desktop10.4\ArcToolbox\Toolboxes\Data Management Tools.tbx\CalculateField" Date="20190711" Time="152706">CalculateField "C:\Users\jc442626\OneDrive - James Cook University\Documents\PhD\PhD_Tasks_imp\RQ1\Paper1_code\InputFiles\Case3\shpfile_9.shp" WD [NEAR_DIST] VB #</Process><Process Name="Add Field (2)" ToolSource="c:\program files (x86)\arcgis\desktop10.4\ArcToolbox\Toolboxes\Data Management Tools.tbx\AddField" Date="20190711" Time="152706">AddField "C:\Users\jc442626\OneDrive - James Cook University\Documents\PhD\PhD_Tasks_imp\RQ1\Paper1_code\InputFiles\Case3\shpfile_9.shp" Norm_WD FLOAT # # # # NULLABLE NON_REQUIRED #</Process><Process Name="Calculate Field (2)" ToolSource="c:\program files (x86)\arcgis\desktop10.4\ArcToolbox\Toolboxes\Data Management Tools.tbx\CalculateField" Date="20190711" Time="152707">CalculateField "C:\Users\jc442626\OneDrive - James Cook University\Documents\PhD\PhD_Tasks_imp\RQ1\Paper1_code\InputFiles\Case3\shpfile_9.shp" Norm_WD "[WD]/ 1" VB #</Process><Process Name="Near" ToolSource="c:\program files (x86)\arcgis\desktop10.4\ArcToolbox\Toolboxes\Analysis Tools.tbx\Near" Date="20190711" Time="152709">Near "C:\Users\jc442626\OneDrive - James Cook University\Documents\PhD\PhD_Tasks_imp\RQ1\Paper1_code\InputFiles\Case3\shpfile_9.shp" 'C:\Users\jc442626\OneDrive - James Cook University\Documents\PhD\PhD_Tasks_imp\RQ1\Paper1_code\InputFiles\Testfiles\New folder\Diss_wa.shp' # NO_LOCATION NO_ANGLE PLANAR</Process><Process Name="Add Field" ToolSource="c:\program files (x86)\arcgis\desktop10.4\ArcToolbox\Toolboxes\Data Management Tools.tbx\AddField" Date="20190711" Time="152709">AddField "C:\Users\jc442626\OneDrive - James Cook University\Documents\PhD\PhD_Tasks_imp\RQ1\Paper1_code\InputFiles\Case3\shpfile_9.shp" WD FLOAT # # # # NULLABLE NON_REQUIRED #</Process><Process Name="Calculate Field" ToolSource="c:\program files (x86)\arcgis\desktop10.4\ArcToolbox\Toolboxes\Data Management Tools.tbx\CalculateField" Date="20190711" Time="152710">CalculateField "C:\Users\jc442626\OneDrive - James Cook University\Documents\PhD\PhD_Tasks_imp\RQ1\Paper1_code\InputFiles\Case3\shpfile_9.shp" WD [NEAR_DIST] VB #</Process><Process Name="Add Field (2)" ToolSource="c:\program files (x86)\arcgis\desktop10.4\ArcToolbox\Toolboxes\Data Management Tools.tbx\AddField" Date="20190711" Time="152710">AddField "C:\Users\jc442626\OneDrive - James Cook University\Documents\PhD\PhD_Tasks_imp\RQ1\Paper1_code\InputFiles\Case3\shpfile_9.shp" Norm_WD FLOAT # # # # NULLABLE NON_REQUIRED #</Process><Process Name="Calculate Field (2)" ToolSource="c:\program files (x86)\arcgis\desktop10.4\ArcToolbox\Toolboxes\Data Management Tools.tbx\CalculateField" Date="20190711" Time="152710">CalculateField "C:\Users\jc442626\OneDrive - James Cook University\Documents\PhD\PhD_Tasks_imp\RQ1\Paper1_code\InputFiles\Case3\shpfile_9.shp" Norm_WD "[WD]/ 0.228553995490074" VB #</Process><Process Name="Add Field" ToolSource="c:\program files (x86)\arcgis\desktop10.4\ArcToolbox\Toolboxes\Data Management Tools.tbx\AddField" Date="20190711" Time="180052">AddField "C:\Users\jc442626\OneDrive - James Cook University\Documents\PhD\PhD_Tasks_imp\RQ1\Paper1_code\InputFiles\Case3\shpfile_9.shp" SS_rantemp FLOAT # # # # NULLABLE NON_REQUIRED #</Process><Process Name="Calculate Field" ToolSource="c:\program files (x86)\arcgis\desktop10.4\ArcToolbox\Toolboxes\Data Management Tools.tbx\CalculateField" Date="20190711" Time="180052">CalculateField "C:\Users\jc442626\OneDrive - James Cook University\Documents\PhD\PhD_Tasks_imp\RQ1\Paper1_code\InputFiles\Case3\shpfile_9.shp" SS_rantemp rand() PYTHON "import random\ndef rand():\n  return random.random()"</Process><Process Name="Join Field" ToolSource="c:\program files (x86)\arcgis\desktop10.4\ArcToolbox\Toolboxes\Data Management Tools.tbx\JoinField" Date="20190711" Time="180200">JoinField "C:\Users\jc442626\OneDrive - James Cook University\Documents\PhD\PhD_Tasks_imp\RQ1\Paper1_code\InputFiles\Case3\shpfile_9.shp" FID "C:\Users\jc442626\OneDrive - James Cook University\Documents\PhD\PhD_Tasks_imp\RQ1\Paper1_code\InputFiles\Testfiles\New folder\SS_spjoin.shp" FID POINTID;GRID_CODE</Process><Process Name="Add Field (3)" ToolSource="c:\program files (x86)\arcgis\desktop10.4\ArcToolbox\Toolboxes\Data Management Tools.tbx\AddField" Date="20190711" Time="180200">AddField "C:\Users\jc442626\OneDrive - James Cook University\Documents\PhD\PhD_Tasks_imp\RQ1\Paper1_code\InputFiles\Case3\shpfile_9.shp" SS FLOAT # # # # NULLABLE NON_REQUIRED #</Process><Process Name="Calculate Field (3)" ToolSource="c:\program files (x86)\arcgis\desktop10.4\ArcToolbox\Toolboxes\Data Management Tools.tbx\CalculateField" Date="20190711" Time="180201">CalculateField "C:\Users\jc442626\OneDrive - James Cook University\Documents\PhD\PhD_Tasks_imp\RQ1\Paper1_code\InputFiles\Case3\shpfile_9.shp" SS [GRID_CODE] VB #</Process><Process Name="Add Field (4)" ToolSource="c:\program files (x86)\arcgis\desktop10.4\ArcToolbox\Toolboxes\Data Management Tools.tbx\AddField" Date="20190711" Time="180201">AddField "C:\Users\jc442626\OneDrive - James Cook University\Documents\PhD\PhD_Tasks_imp\RQ1\Paper1_code\InputFiles\Case3\shpfile_9.shp" Norm_SS FLOAT # # # # NULLABLE NON_REQUIRED #</Process><Process Name="Calculate Field (4)" ToolSource="c:\program files (x86)\arcgis\desktop10.4\ArcToolbox\Toolboxes\Data Management Tools.tbx\CalculateField" Date="20190711" Time="180207">CalculateField "C:\Users\jc442626\OneDrive - James Cook University\Documents\PhD\PhD_Tasks_imp\RQ1\Paper1_code\InputFiles\Case3\shpfile_9.shp" Norm_SS ([SS]- 0.128499)/(0.874887-0.128499) VB #</Process></lineage></DataProperties></Esri></metadata>
