<?xml version="1.0" encoding="UTF-8"?>
<metadata xml:lang="en"><Esri><CreaDate>20190711</CreaDate><CreaTime>15244200</CreaTime><ArcGISFormat>1.0</ArcGISFormat><SyncOnce>TRUE</SyncOnce><DataProperties><lineage><Process Name="Near" ToolSource="c:\program files (x86)\arcgis\desktop10.4\ArcToolbox\Toolboxes\Analysis Tools.tbx\Near" Date="20190711" Time="152442">Near "C:\Users\jc442626\OneDrive - James Cook University\Documents\PhD\PhD_Tasks_imp\RQ1\Paper1_code\InputFiles\Case3\shpfile_7.shp" 'C:\Users\jc442626\OneDrive - James Cook University\Documents\PhD\PhD_Tasks_imp\RQ1\Paper1_code\InputFiles\Testfiles\New folder\Diss_wa.shp' # NO_LOCATION NO_ANGLE PLANAR</Process><Process Name="Add Field" ToolSource="c:\program files (x86)\arcgis\desktop10.4\ArcToolbox\Toolboxes\Data Management Tools.tbx\AddField" Date="20190711" Time="152442">AddField "C:\Users\jc442626\OneDrive - James Cook University\Documents\PhD\PhD_Tasks_imp\RQ1\Paper1_code\InputFiles\Case3\shpfile_7.shp" WD FLOAT # # # # NULLABLE NON_REQUIRED #</Process><Process Name="Calculate Field" ToolSource="c:\program files (x86)\arcgis\desktop10.4\ArcToolbox\Toolboxes\Data Management Tools.tbx\CalculateField" Date="20190711" Time="152443">CalculateField "C:\Users\jc442626\OneDrive - James Cook University\Documents\PhD\PhD_Tasks_imp\RQ1\Paper1_code\InputFiles\Case3\shpfile_7.shp" WD [NEAR_DIST] VB #</Process><Process Name="Add Field (2)" ToolSource="c:\program files (x86)\arcgis\desktop10.4\ArcToolbox\Toolboxes\Data Management Tools.tbx\AddField" Date="20190711" Time="152443">AddField "C:\Users\jc442626\OneDrive - James Cook University\Documents\PhD\PhD_Tasks_imp\RQ1\Paper1_code\InputFiles\Case3\shpfile_7.shp" Norm_WD FLOAT # # # # NULLABLE NON_REQUIRED #</Process><Process Name="Calculate Field (2)" ToolSource="c:\program files (x86)\arcgis\desktop10.4\ArcToolbox\Toolboxes\Data Management Tools.tbx\CalculateField" Date="20190711" Time="152443">CalculateField "C:\Users\jc442626\OneDrive - James Cook University\Documents\PhD\PhD_Tasks_imp\RQ1\Paper1_code\InputFiles\Case3\shpfile_7.shp" Norm_WD "[WD]/ 1" VB #</Process><Process Name="Near" ToolSource="c:\program files (x86)\arcgis\desktop10.4\ArcToolbox\Toolboxes\Analysis Tools.tbx\Near" Date="20190711" Time="152445">Near "C:\Users\jc442626\OneDrive - James Cook University\Documents\PhD\PhD_Tasks_imp\RQ1\Paper1_code\InputFiles\Case3\shpfile_7.shp" 'C:\Users\jc442626\OneDrive - James Cook University\Documents\PhD\PhD_Tasks_imp\RQ1\Paper1_code\InputFiles\Testfiles\New folder\Diss_wa.shp' # NO_LOCATION NO_ANGLE PLANAR</Process><Process Name="Add Field" ToolSource="c:\program files (x86)\arcgis\desktop10.4\ArcToolbox\Toolboxes\Data Management Tools.tbx\AddField" Date="20190711" Time="152445">AddField "C:\Users\jc442626\OneDrive - James Cook University\Documents\PhD\PhD_Tasks_imp\RQ1\Paper1_code\InputFiles\Case3\shpfile_7.shp" WD FLOAT # # # # NULLABLE NON_REQUIRED #</Process><Process Name="Calculate Field" ToolSource="c:\program files (x86)\arcgis\desktop10.4\ArcToolbox\Toolboxes\Data Management Tools.tbx\CalculateField" Date="20190711" Time="152446">CalculateField "C:\Users\jc442626\OneDrive - James Cook University\Documents\PhD\PhD_Tasks_imp\RQ1\Paper1_code\InputFiles\Case3\shpfile_7.shp" WD [NEAR_DIST] VB #</Process><Process Name="Add Field (2)" ToolSource="c:\program files (x86)\arcgis\desktop10.4\ArcToolbox\Toolboxes\Data Management Tools.tbx\AddField" Date="20190711" Time="152446">AddField "C:\Users\jc442626\OneDrive - James Cook University\Documents\PhD\PhD_Tasks_imp\RQ1\Paper1_code\InputFiles\Case3\shpfile_7.shp" Norm_WD FLOAT # # # # NULLABLE NON_REQUIRED #</Process><Process Name="Calculate Field (2)" ToolSource="c:\program files (x86)\arcgis\desktop10.4\ArcToolbox\Toolboxes\Data Management Tools.tbx\CalculateField" Date="20190711" Time="152446">CalculateField "C:\Users\jc442626\OneDrive - James Cook University\Documents\PhD\PhD_Tasks_imp\RQ1\Paper1_code\InputFiles\Case3\shpfile_7.shp" Norm_WD "[WD]/ 0.353661000728607" VB #</Process><Process Name="Add Field" ToolSource="c:\program files (x86)\arcgis\desktop10.4\ArcToolbox\Toolboxes\Data Management Tools.tbx\AddField" Date="20190711" Time="173407">AddField "C:\Users\jc442626\OneDrive - James Cook University\Documents\PhD\PhD_Tasks_imp\RQ1\Paper1_code\InputFiles\Case3\shpfile_7.shp" SS_rantemp FLOAT # # # # NULLABLE NON_REQUIRED #</Process><Process Name="Calculate Field" ToolSource="c:\program files (x86)\arcgis\desktop10.4\ArcToolbox\Toolboxes\Data Management Tools.tbx\CalculateField" Date="20190711" Time="173408">CalculateField "C:\Users\jc442626\OneDrive - James Cook University\Documents\PhD\PhD_Tasks_imp\RQ1\Paper1_code\InputFiles\Case3\shpfile_7.shp" SS_rantemp rand() PYTHON "import random\ndef rand():\n  return random.random()"</Process><Process Name="Join Field" ToolSource="c:\program files (x86)\arcgis\desktop10.4\ArcToolbox\Toolboxes\Data Management Tools.tbx\JoinField" Date="20190711" Time="173507">JoinField "C:\Users\jc442626\OneDrive - James Cook University\Documents\PhD\PhD_Tasks_imp\RQ1\Paper1_code\InputFiles\Case3\shpfile_7.shp" FID "C:\Users\jc442626\OneDrive - James Cook University\Documents\PhD\PhD_Tasks_imp\RQ1\Paper1_code\InputFiles\Testfiles\New folder\SS_spjoin.shp" FID POINTID;GRID_CODE</Process><Process Name="Add Field (3)" ToolSource="c:\program files (x86)\arcgis\desktop10.4\ArcToolbox\Toolboxes\Data Management Tools.tbx\AddField" Date="20190711" Time="173507">AddField "C:\Users\jc442626\OneDrive - James Cook University\Documents\PhD\PhD_Tasks_imp\RQ1\Paper1_code\InputFiles\Case3\shpfile_7.shp" SS FLOAT # # # # NULLABLE NON_REQUIRED #</Process><Process Name="Calculate Field (3)" ToolSource="c:\program files (x86)\arcgis\desktop10.4\ArcToolbox\Toolboxes\Data Management Tools.tbx\CalculateField" Date="20190711" Time="173508">CalculateField "C:\Users\jc442626\OneDrive - James Cook University\Documents\PhD\PhD_Tasks_imp\RQ1\Paper1_code\InputFiles\Case3\shpfile_7.shp" SS [GRID_CODE] VB #</Process><Process Name="Add Field (4)" ToolSource="c:\program files (x86)\arcgis\desktop10.4\ArcToolbox\Toolboxes\Data Management Tools.tbx\AddField" Date="20190711" Time="173508">AddField "C:\Users\jc442626\OneDrive - James Cook University\Documents\PhD\PhD_Tasks_imp\RQ1\Paper1_code\InputFiles\Case3\shpfile_7.shp" Norm_SS FLOAT # # # # NULLABLE NON_REQUIRED #</Process><Process Name="Calculate Field (4)" ToolSource="c:\program files (x86)\arcgis\desktop10.4\ArcToolbox\Toolboxes\Data Management Tools.tbx\CalculateField" Date="20190711" Time="173513">CalculateField "C:\Users\jc442626\OneDrive - James Cook University\Documents\PhD\PhD_Tasks_imp\RQ1\Paper1_code\InputFiles\Case3\shpfile_7.shp" Norm_SS ([SS]- 0.127389)/(0.884755-0.127389) VB #</Process></lineage></DataProperties></Esri></metadata>
